feature,importance
demand_multiplier,0.42521763
is_weekend,0.32565412
is_holiday_window,0.14086436
week,0.010397593
days_to_holiday,0.00949589
lag_1d,0.009437639
quarter,0.009328117
lag_7d,0.009290793
dow_encoded,0.009269118
product_encoded,0.009180412
lag_14d,0.008777987
rolling_7d_avg,0.008689161
month,0.008561279
rolling_30d_avg,0.008518189
category_encoded,0.0073176953
